film_id	title	year	status	mediaid	in_catalog	cat_title	cat_year	kind
14	Mad Bills to Pay (or Destiny, dile que no soy malo)	2025	307	UsL8mMKq	True	Mad Bills to Pay	2026	both
32	Straight Time	1978	307	Z3vt1aKe	False			departed
33	Some Came Running	1958	307	Fvzyz0tt	False			departed
36	Portrait in Black	1960	307	PR16TdkU	False			departed
37	Fear and Loathing in Las Vegas	1998	307	urW4pu5p	False			departed
38	Vulcanizadora	2024	307	UlyRzroJ	True	Vulcanizadora	2025	year
43	Penkelemes	2025	307	zNgfjEXS	True	Penkelmes	2025	title
47	Nightclubbing: The Birth of Punk Rock in NYC	2022	307	a2y2N2Jj	True	Nightclubbing: The Birth of Punk Rock in NYC	2023	year
48	Where the Lilies Bloom	1974	307	canJhB8a	False			departed
49	The Silence of the Lambs	1991	307	D1eOYMBR	False			departed
50	Married to the Mob	1988	307	Nj44EWSx	False			departed
56	Test Pattern	2019	307	gpRRkq27	True	Test Pattern	2021	year
57	A Band Called Death	2012	307	kRpLMViy	True	A Band Called Death	2013	year
60	Harry Dean Stanton: Partly Fiction	2012	307	zJQ8t0cE	True	Harry Dean Stanton: Partly Fiction	2013	year
61	Violent Saturday	1955	307	3mdVSDEg	False			departed
62	The Long, Hot Summer	1958	307	LsdmVbER	False			departed
63	The Girl in the Red Velvet Swing	1955	307	aI0pFpOd	False			departed
64	No Down Payment	1957	307	8isZHHVd	False			departed
65	Bigger Than Life	1956	307	W6yisGPl	False			departed
118	The Tokyo Trial	1983	404		False			gone-404
122	Lumière, le cinéma!	2025	307	mU8EbiA0	True	Lumiere, Le Cinema!	2025	title
125	The Deal	2005	307	rMEBhZKb	False			departed
130	Riotsville, U.S.A.	2022	307	HU9xVW87	True	Riotsville, USA	2022	title
132	Where Are You Taking Me?	2010	307	x34nK784	True	Where Are You Taking Me?	2012	year
142	K-ON! THE MOVIE: English-Dubbed Version	2011	404		False			gone-404
147	Grenada: The Future Coming Towards Us	1984	307	lUeuT11x	True	Grenada: The Future Coming Towards Us	1983	year
149	Haiti: The Way to Freedom	1973	307	XOrNhi5p	True	Haiti: The Way of Freedom	1973	title
151	Tokyo Melody: A Film About Ryuichi Sakamoto	1985	307	VeOrue7s	True	Tokyo Melody	1985	title
152	Return to Reason	2024	307	EGdR2QMU	True	Return to Reason: Four Films by Man Ray	2023	both
155	Gender Troublemakers	1993	307	EZzX06PX	True	Gendertroublemakers	1993	title
156	Jane by Charlotte	2021	307	dmqCFjpq	False			departed
157	Freakscene: The Story of Dinosaur Jr.	2021	307	pbvNcLN8	False			departed
162	Tuktuit	2025	307	hF9oZYL1	True	Tukuit	2025	title
164	Gatchaman: The Movie	1978	307	HyKwjHMD	False			departed
166	Grasshopper Republic	2023	307	ObpRzJyk	False			departed
170	Painters Painting	1972	307	UhiQtYI3	True	Painters Painting	1973	year
173	In the Year of the Pig	1968	307	b6jxLXz3	True	In the Year of the Pig	1969	year
177	Concrete Resources (Thank you for keeping me a company of images)	2024	307	8ghVZAG1	True	Concrete Resources	2025	both
185	Yam daabo	1987	404		False			gone-404
193	Who Killed Teddy Bear	1965	307	0CuhvKML	True	Who Killed Teddy Bear?	1965	title
201	Virgin Machine	1988	307	PAYQVhLw	True	Virgin Machine	1989	year
202	Seduction: The Cruel Woman	1985	307	pqoeMoWy	True	Seduction: The Cruel Woman	1986	year
207	Didn’t Do It for Love	1997	307	cHf0uK2I	True	Didn’t Do It for Love	1998	year
209	The Giverny Document	2019	307	ww31doHd	True	The Giverny Document (Single Channel)	2019	title
219	Videoheaven	2024	307	8UrEPMoa	True	Videoheaven	2025	year
227	Lúcio Flávio	1977	307	f7ZjRJWn	True	Lucio Flavio	1977	title
241	Fassbinder's Women	2000	307	YazaWnLP	True	Fassbinder’s Women	2000	title
245	Safe Among Stars	2020	307	jsZwPA1b	True	Safe Among Stars	2019	year
255	All by Myself: The Eartha Kitt Story	1982	307	D3umvOdV	True	All by Myself: The Earth Kitt Story	1982	title
257	The Ballad of Suzanne Césaire	2024	307	QRoQtLCP	True	The Ballad of Suzanne Césaire	2025	year
272	Pretty Red Dress	2022	307	H98c0OMT	True	Pretty Red Dress	2023	year
273	Faces, Displays, and Other Imaginary Things	2021	307	PYE0Bdhh	True	Faces, Displays, and Other Imaginary Things	2020	year
280	The Many Miracles of Household Saints	2023	307	14Hb72Xg	True	The Many Miracles of Household Saints	2024	year
298	Swordsman	1990	307	Rw9SDn3L	True	The Swordsman	1990	title
320	By the River	2019	307	KgvvBN3W	True	By the River	2020	year
324	A Better Tomorrow III: Love & Death in Saigon	1989	307	JjG8JUUL	True	A Better Tomorrow III: Love and Death in Saigon	1989	title
330	Shanghai Blues	1984	307	aGyj1AsY	False			departed
331	Heroes Shed No Tears	1984	307	rxx5trWY	False			departed
339	Hope There’s Someone	2005	307	Ag4952Yx	True	Hope There’s Someone	2009	year
341	Cut the World	2012	307	m0BuIfjS	True	Cut the World	2016	year
342	Another World	2008	307	dhNWDlG0	True	Another World	0-01	year
350	Europe Endless 1: The Spectre of Eurocommunism	2019	307	I181hBeB	True	Europe Endless	2019	title
351	Contras’ City	1969	307		False			supplement
353	Queens of the Stone Age: Alive in the Catacombs	2025	307	WrsNefkh	True	Queens of the Stone Age: Alive in the Catacombs	2024	year
376	Lemmings, Part 1: Arcadia	1979	307	BTrLfQfq	True	Lemmings, Part 1: Arcades	1979	title
377	Return of the War Room	2008	404		False			gone-404
385	Near Orouët	1971	307	4I4EZcXM	True	Near Orouet	1971	title
393	Basquiat	2024	404		False			gone-404
398	It Couldn’t Happen Here	1987	307	FbrHlhTX	True	It Couldn’t Happen Here	1988	year
404	Bon voyage, Sim	1966	307	B6BcNmti	True	Bon Voyage Sim	1966	title
408	Female Perversions	1996	307	qkM7722Q	True	Female Perversions	1997	year
419	The Crazy Ray	1924	404		False			gone-404
455	Jamón jamón	1992	307	9WPkQpB5	True	Jamón, Jamón	1992	title
470	The Gang of Four	1989	307	NqyyIgWQ	True	Gang of Four	1989	title
472	Joan the Maid II: The Prisons	1994	404		False			gone-404
473	Joan the Maid I: The Battles	1994	404		False			gone-404
476	Regret to Inform	1998	307	yzexIZR8	True	Regret to Inform	1999	year
490	Julien Donkey-Boy	1999	307	B1UrUMuP	True	Julien Donkey Boy	1999	title
506	And . . . We've Got Sabor	1967	307	CsIX7dSh	True	And . . . We’ve Got Sabor	1967	title
517	Wildcat	2023	307	cnStYoEF	True	Wildcat	2024	year
531	The Hop-Pickers	1964	307	LPADcTDb	True	The Hop Pickers	1964	title
550	The Shadowless Tower	2023	307	XkGVBSTH	True	Shadowless Tower	2023	title
560	Bums’ Paradise	2002	307	ixXLoi5p	True	Bums’ Paradise	2003	year
561	Automorphosis	2007	307	n9k2jyJY	True	Automorphosis	2009	year
563	The Body Is a House of Familiar Rooms	2022	307	4Uok8Jr8	True	The Body Is a House of Familiar Rooms	2021	year
564	Out of the Blue	1980	307	3AWJOVpv	True	Out of the Blue	1981	year
565	When It’s Good, It’s Good	2023	307	2O0X1Knw	True	When It's Good, It's Good	2024	both
574	Good Times, Wonderful Times	1965	307	X5zx2YXL	True	Good Times, Wonderful Times	1966	year
577	Arab Israeli Dialogue	1974	307	oP7CEjyh	True	Arab-Israeli Dialogue	1974	title
579	The Universe Is Out There: Josh and Benny Safdie		404		False			gone-404
590	Spotlight on Mikio Naruse		404		False			gone-404
591	Spotlight on Youssef Chahine		404		False			gone-404
607	Dawn of a New Day	1964	307	4IT1X91C	True	Dawn of a New Day	1965	year
620	LIME KILN CLUB FIELD DAY Outtakes	1913	307	e2LM4Fco	False			departed
626	Perfumed Nightmare	1977	307	nyhKieDB	True	Perfumed Nightmare	1979	year
632	Huey Lewis and the News: BEFORE!	1986	307	Svk5EAAI	True	Huey Lewis and the News: Before!	1987	both
639	All in This Tea	2006	307	fCNQ34cJ	True	All in This Tea	2007	year
641	LIME KILN CLUB FIELD DAY: Trevor Mathison Score	1913	307	9kd7nczr	True	Lime Kiln Club Field Day archival assembly (Trevor Mathison score)	1913	title
642	LIME KILN CLUB FIELD DAY: Donald Sosin Score	1913	307	3OyUYZhc	True	Lime Kiln Club Field Day archival assembly (Donald Sosin score)	1913	title
667	The Island	1974	307	ixwtdutX	True	FROM THE FAMILY OF REPTILES and THE ISLAND	1974	title
734	Larisa	2026	307	t3A74Myi	True	Larisa	1980	year
781	Mississippi Blues	1984	307	8ZSD4CZx	True	Mississippi Blues	1983	year
782	The Undeclared War	1992	404		False			gone-404
783	Safe Conduct	2002	404		False			gone-404
784	Let Joy Reign Supreme	1975	404		False			gone-404
785	L.627	1992	404		False			gone-404
786	It All Starts Today	1999	404		False			gone-404
799	LA ROUE: Part 4	1923	404		False			gone-404
800	LA ROUE: Part 3	1923	404		False			gone-404
801	LA ROUE: Part 2	1923	404		False			gone-404
802	LA ROUE: Part 1	1923	404		False			gone-404
827	The Beguiled	1971	307	uazs1PbT	False			departed
853	La Llorona	2019	404		False			gone-404
915	No Ordinary Man	2021	307	iqWFnOIP	False			departed
937	Miami Blues	1990	307	srTQeb3k	False			departed
950	Grandma’s Boy	1922	307	gEVZqaIs	True	Grandma's Boy	1922	title
965	A Certain Morning	1992	307	QtE6Aum3	True	A Certain Morning	1991	year
969	That’s Him	1918	307	JKIfnZri	True	That's Him	1918	title
970	Over the Fence	2016	307	yrZn0fe9	True	Over the Fence	1917	year
1028	Christine	1983	307	Kx2zdPeX	False			departed
1041	The Cry of Jazz	1959	404		False			gone-404
1042	Martha Clarke Light & Dark: A Dancer’s Journal	1980	404		False			gone-404
1059	The Long Good Friday	1979	307	q3BrPIbP	True	The Long Good Friday	1980	year
1074	The Hunt	1966	307	DiWPPrNn	True	The Hunt	1965	year
1097	Desert Fury	1947	307	mUgomECn	False			departed
1099	A Kiss Before Dying	1956	307	XFRMgazt	False			departed
1100	Leave Her to Heaven	1945	307	YlHvXfZq	False			departed
1106	Crimes of the Future	2022	307	qze4RDA4	True	Crimes of the Future	1970	year
1108	Because Men in Silk Shirts on Lagos Nights	2019	307	6v3Y9wVs	True	Because Men in Silk Shirts on Lagos Nights	2018	year
1115	As Time Goes By		307	W2bErcGJ	True	As Time Goes By	1997	year
1138	The Emperor's Naked Army Marches On	1987	307	VI3wDy5R	True	The Emperor’s Naked Army Marches On	1987	title
1151	Yesterday, Today and Tomorrow	1963	307	BAy15ezL	True	Yesterday, Today, and Tomorrow	1963	title
1157	Written on the Wind	1956	307	B5QukqLC	False			departed
1166	Small Deaths	1996	307	1ymb4rHW	True	Small Deaths	1995	year
1179	Home from the Hill	1960	307	TisWCXrX	False			departed
1180	Clorae and Albie	1975	307	oGAwUPgD	True	Clorae and Albie	1976	year
1189	Niagara	1953	307	eMN05MRg	False			departed
1193	Please Speak Continuously and Describe Your Experiences as They Come to You	2019	307	JrPjRYfX	False			departed
1197	White Echo	2019	307	GIeDh53H	False			departed
1208	Inspiration	2016	307	rAfZKJwB	True	Inspiration	1949	year
1209	King Lavra	1951	307	Imnxqi8k	True	King Lavra	1950	year
1210	A Horseshoe for Luck	1914	404		False			gone-404
1229	The Long Goodbye	1973	307	3oG4hkX8	False			departed
1236	Robert Downey: Moment to Moment	2021	307		False			supplement
1285	DR. DOLITTLE: LION’S DEN: English Version	1928	307	YM0kT8PG	True	DR. DOLITTLE: LION’S DEN: English Version	1923	year
1286	Dr. Dolittle: A Trip to Africa	1928	307	rCKYKuhO	True	Dr. Dolittle: A Trip to Africa	1923	year
1305	Pressure	1976	307	QpoAk43F	True	Pressure	1975	year
1312	A Day in Barbagia	1959	307	4QUQWg4U	True	A Day in Barbagia	1958	year
1315	Golden Parable	1954	307	HGpmGuTE	True	Golden Parable	1955	year
1316	Sea Countrymen	1954	307	LeZcoN3H	True	Sea Countrymen	1955	year
1317	Easter in Sicily	1954	307	2FwiLqya	True	Easter in Sicily	1955	year
1318	Solfatara	1954	307	zZ6dZR6Z	True	Solfatara	1955	year
1321	"11'09""01—September 11"	2002	307	k9cxGSsU	True	11’09”01—September 11	2002	title
1322	How Can It Be?	2008	307	NrDyZ85u	True	How Can It Be	2008	title
1334	A Week’s Vacation	1980	404		False			gone-404
1335	A Sunday in the Country	1984	404		False			gone-404
1336	The Judge and the Assassin	1976	404		False			gone-404
1337	The Clockmaker of St. Paul	1974	404		False			gone-404
1338	Captain Conan	1996	404		False			gone-404
1358	Acid Rain	2019	404		False			gone-404
1368	AGNÈS DE CI DE LÀ VARDA: Episode 5	2011	404		False			gone-404
1369	AGNÈS DE CI DE LÀ VARDA: Episode 4	2011	404		False			gone-404
1370	AGNÈS DE CI DE LÀ VARDA: Episode 3	2011	404		False			gone-404
1371	AGNÈS DE CI DE LÀ VARDA: Episode 2	2011	404		False			gone-404
1372	AGNÈS DE CI DE LÀ VARDA: Episode 1	2011	404		False			gone-404
1381	Réponse de femmes	1975	307	t5EAYFT0	True	Réponse de femmes: Notre corps, notre sexe	1975	title
1396	Any Number Can Win	1963	307	XAOohYcW	True	Any Number Can Win	1962	year
1475	Pixote	1981	307	4M9XSZnQ	True	Pixote	1980	year
1486	Ghost World	2001	307	QUaZrSzI	False			departed
1487	Art School Confidential	2006	307	QVdVS2aY	False			departed
1488	We Work Again	1937	307		False			supplement
1496	Zora Neale Hurston Fieldwork Footage	1928	307	5ZsyPBzn	True	Zora Neale Hurston Fieldwork Footage (excerpt)	1928	title
1521	Commandment Keeper Church, Beaufort South Carolina, May 1940	1940	307	6PHC5M9t	True	Commandment Keeper Church, Beaufort South Carolina, May 1940 (excerpt)	1940	title
1551	Le chien du Monsieur Michel		307	BeWXkxaU	True	Le chien du Monsieur Michel	1977	year
1552	The Traveler	2010	307	RPGFFqmA	True	The Traveler	1974	year
1564	Something Wild	1986	307	giP0QCm5	False			departed
1579	Four Journeys into Mystic Time: Mysterium	1978	404		False			gone-404
1580	Four Journeys into Mystic Time: One-Two-Three	1978	404		False			gone-404
1581	Four Journeys into Mystic Time: Trans	1978	404		False			gone-404
1582	Four Journeys into Mystic Time: Initiation	1978	404		False			gone-404
1606	Escape from New York	1981	307	ETfrhfna	False			departed
1608	Fatherland	2017	307	0srqOgDx	True	Fatherland	2018	year
1609	Viva Maria!	2010	404		False			gone-404
1621	Entr’acte	1924	307	y1Yo8R4N	True	Entr'acte	1924	title
1630	Shall We Go to Your or My Place or Each Go Home Alone?	1973	307	qYF6i1BP	True	Shall We Go to My Place or Your Place or Each Go Home Alone?	1973	title
1635	Sculptures by Sofu—Vita	1963	307	FtwU10w6	True	Sculptures by Sofu - Vita	1963	title
1636	The Hall Runner	2014	404		False			gone-404
1637	Louis Riel for Dinner	2014	404		False			gone-404
1638	Only Dream Things	2012	404		False			gone-404
1639	Sinclair	2010	404		False			gone-404
1640	Spanky: To the Pier and Back	2008	404		False			gone-404
1644	Pleasant Grove	1996	307	kBnyWDme	True	Pleasant Grove	1997	year
1650	The Immigrant	1917	404		False			gone-404
1651	The Rink	1916	404		False			gone-404
1657	Le sabotier du Val de Loire	1956	307	lgvm6sdZ	True	Le sabotier du Val Loire	1956	title
1661	L’amour existe	1960	307	oOwmCKWp	True	L'amour existe	1960	title
1676	L'humanité	1999	307	k19mTo0c	True	L’humanité	1999	title
1682	Bad Timing	1980	307	Kr451EkO	False			departed
1687	Hospital	1976	307	kfNxsAB5	True	Hospital	1977	year
1688	Seven Women of Different Ages	1978	307	XoFK9icB	True	Seven Women of Different Ages	1979	year
1689	Factory	1970	404		False			gone-404
1697	Footprints	1960	307	3ufZ2K7t	True	Footprints	1961	year
1702	The Running Jumping & Standing Still Film	1959	307	map5oaTb	True	The Running Jumping & Standing Still Film	1960	year
1703	The Man Who Fell to Earth	1976	307	WJ7YiREJ	False			departed
1705	Bud Greenspan Presents Vancouver 2010: Stories of Olympic Glory	2011	307	xS4WuB9b	True	Bud Greenspan Presents Vancouver 2010, Stories of Olympic Glory	2010	both
1708	Bud Greenspan’s Athens 2004: Stories of Olympic Glory	2005	307	argO2DPE	True	Bud Greenspan’s Athens 2004: Stories of Olympic Glory	2004	year
1712	Marathon	2005	404		False			gone-404
1720	Lone Wolf and Cub: Baby Cart in Peril	1972	404		False			gone-404
1731	A Town of Love and Hope	1959	307	mOaCbjQk	True	Street of Love and Hope	1959	title
1739	First		404		False			gone-404
1740	The Everlasting Flame	2009	307	ZLF4UeBN	True	The Everlasting Flame	2010	year
1744	Atlanta's Olympic Glory	1997	307	BclsCx49	True	Atlanta’s Olympic Glory	1997	title
1747	Beyond All Barriers	1989	307	mkzVs3Xy	True	Beyond All Barriers	1988	year
1750	16 Days of Glory	1985	307	2bnK8b0f	True	16 Days of Glory	1986	year
1775	The Olympic Games, Amsterdam 1928	1928	307	mOKpqbvT	True	The Olympic Games, Amsterdam, 1928	1928	title
1777	The IX Olympiad in Amsterdam	1928	307	dYbj5nMq	True	The IX Olympiad at Amsterdam	1928	title
1779	The Olympic Games in Paris 1924	1925	307	aZQu1DPr	True	The Olympic Games in Paris 1924	1924	year
1782	The Games of the V Olympiad Stockholm, 1912	2017	307	5XbchYr2	True	The Games of the V Olympiad Stockholm, 1912	2016	year
1790	Several Friends	1969	307		False			supplement
1797	Lettres d'amour	1942	307	dy4cnZFW	True	Lettres d’amour	1942	title
1802	George Stevens: A Filmmaker's Journey	1984	307	84oQoEnZ	True	George Stevens: A Filmmaker’s Journey	1984	title
1810	La ricotta	1962	307	IZgLi24q	True	La ricotta	1963	year
1817	Grey Gardens	1976	404		False			gone-404
1868	White Mane	1952	307	Sj8lkt3m	True	White Mane	1953	year
1909	SCENES FROM A MARRIAGE: Theatrical Version	1973	307	Eyn0aWLL	True	Scenes from a Marriage	1973	title
1913	How to Get Ahead in Advertising	1988	307	nLhkpPbt	True	How to Get Ahead in Advertising	1989	year
1914	Withnail and I	1986	307	Cq4yp1zn	True	Withnail and I	1987	year
1923	All That Money Can Buy	1941	307	D1jIH5uh	True	All That Money Can Buy (a.k.a. The Devil and Daniel Webster)	1941	title
1932	The Marriage of Maria Braun	1978	307	okg65LAX	True	The Marriage of Maria Braun	1979	year
1952	La Pointe Courte	1956	307	Rw0boLYh	True	La Pointe Courte	1955	year
1980	Les fiancés du pont Macdonald	1961	307	XeHw26PN	True	Les fiancés du Pont Macdonald	1962	both
2010	A Taxing Woman’s Return	1988	307	hJwnM1PR	True	A Taxing Woman's Return	1988	title
2064	Look Back in Anger	1959	307	fOqGf9aN	True	Look Back in Anger	1958	year
2067	Lone Wolf and Cub: White Heaven in Hell	1974	404		False			gone-404
2068	Lone Wolf and Cub: Baby Cart in the Land of Demons	1973	404		False			gone-404
2069	Lone Wolf and Cub: Baby Cart to Hades	1972	404		False			gone-404
2070	Lone Wolf and Cub: Baby Cart at the River Styx	1972	404		False			gone-404
2071	Lone Wolf and Cub: Sword of Vengeance	1972	404		False			gone-404
2078	La boutique	1967	307	31pVrFoL	True	La boutique	1969	year
2089	Mur Murs	1980	307	KMMjX7AN	True	Mur Murs	1981	year
2091	Black Panthers	1968	307	tmUP1tmp	True	Black Panthers	1970	year
2097	Une histoire d'eau	1958	307	c1Oa1OGs	True	Une histoire d’eau	1958	title
2141	The Maestro: King of the Cowboy Artists	1994	307	pKWAwlro	True	The Maestro: King of the Cowboy Artists	1995	year
2153	...But Film is My Mistress	2010	307	gfavoHwh	True	. . . But Film Is My Mistress	2010	title
2191	I Graduated, But . . .	1929	307	wygvhAZn	True	I Graduated, But...	1929	title
2197	The Neighbor’s Wife and Mine	1931	307	g019KwTu	True	The Neighbor's Wife and Mine	1931	title
2243	I Flunked, But . . .	1930	307	R3FjJYbX	True	I Flunked, But...	1930	title
2307	Satan’s Brew	1976	307	SSCyZTdw	True	Satan's Brew	1976	title
2371	Arrest Bulldog Drummond	1938	307	XMeQZJRM	True	Arrest Bulldog Drummond	1939	year
3091	Fanny and Alexander	1982	404		False			gone-404
2437	Hand in Hand	1989	307	wz6F2l9s	True	Hand in Hand	1988	year
2440	"Blow Up of ""Blow Up"""	2016	307	j85M1CDk	True	Blow Up of “Blow Up”	2016	title
2447	The Stickleback’s Egg	1925	307	PBjMgT7J	True	The Stickleback's Egg	1925	title
2472	L’opéra-Mouffe	1958	307	Ko0wsHBD	True	L’Opéra mouffe	1958	title
2476	Mirror	1974	404		False			gone-404
2488	Crisis	1963	307	4GeXROAd	True	Crisis: Behind a Presidential Commitment	1963	title
2493	Welcome Mr. Marshall!	1953	307	8HMCQum7	True	Welcome Mr. Marshall!	1952	year
2497	Uncle Yanco	1967	307	OYUnTC0S	True	Uncle Yanco	1968	year
2498	Forza Bastia	1978	307	M3do0PqK	True	Forza Bastia	2002	year
2500	Gai dimanche	1935	307	SLhEmPt6	True	Gai dimanche	1934	year
2645	Les grandes manoeuvres	1955	307	kSq6iDzH	True	Les Grandes Manœuvres	1955	title
2647	He Who Is Without Sin . . .	1952	307	5Gz1lnMz	True	He Who Is Without Sin...	1952	title
2648	Une parisienne	1957	404		False			gone-404
2681	Le chant du styrène	1959	307	TVQLYbbu	True	Le chant du styrène	1958	year
2737	Hanzo the Razor: Who’s Got the Gold	1974	307	GOX9WQph	True	Hanzo the Razor: Who’s Got the Gold?	1974	title
2741	L'argent	1983	307	KDhyHBhD	True	L’argent	1983	title
2780	Desire	1937	404		False			gone-404
2793	Les rendez-vous d'Anna	1978	307	0gufpZS1	True	Les rendez-vous d’Anna	1978	title
2845	Casque d'or	1952	307	5wcgZ9iQ	True	Casque d’or	1952	title
2949	Salesman	1968	307	r8LBBqAg	True	Salesman	1969	year
2966	And the Ship Sails On	1984	307	y5JIxXnt	True	And the Ship Sails On	1983	year
2976	The Ascent	1976	307	uxhUIcBt	True	The Ascent	1977	year
3004	Monsieur Hulot's Holiday	1953	307	5WpdzQcV	True	Monsieur Hulot’s Holiday	1953	title
3035	Yeah Yeah Yeahs: Hidden in Pieces	2025	307	4QqIxlAw	True	Hidden in Pieces	2025	title
3040	Tommaso	2019	307	5yTCvNhm	True	Tommaso	2020	year
3043	The Little Sister	2025	307	ziAyBzhf	True	Little Sister	2025	title
3045	The Doors	1991	307	oksppZKk	False			departed
3047	The Beguiled	2017	404		False			gone-404
3050	Robert Wilson and the Civil Wars	1987	307	WepSklYd	True	Robert Wilson & the Civil Wars	1987	title
3053	Our Land	2025	307	rs6Ug3FX	True	Our Land	2026	year
3056	Napoli, Napoli, Napoli	2009	307	21wzrLct	True	Napoli, Napoli, Napoli	2010	year
3057	Nadja	1994	307	7xCZH5br	True	Nadja	1995	year
3064	I Ran from It and Was Still In It	2020	307	13ZzlWFW	True	i ran from it and was still in it	2021	both
3067	Grace of My Heart	1996	307	H34ZFMow	False			departed
3068	Evangelion Death (True)2	1997	307	1FqNgWOD	True	EVANGELION: DEATH (TRUE)2	1998	both
3076	Being Frank: The Chris Sievey Story	2018	404		False			gone-404
4765	Streets of Fire	1984	307	zU9qJuin	False			departed
4775	Body Snatchers	1993	307	fD0cOcKB	False			departed
4783	Third Shift	2013	404		False			gone-404
4784	The Last Bread	2013	404		False			gone-404
4785	Division Avenue	2014	404		False			gone-404
4786	Álvaro	2014	404		False			gone-404
4787	300 Nassau	2015	404		False			gone-404
