film_id	title	year	old_url	status	location	mediaid
14	Mad Bills to Pay (or Destiny, dile que no soy malo)	2025	https://www.criterionchannel.com/mad-bills-to-pay-or-destiny-dile-que-no-soy-malo	307	/films/UsL8mMKq/mad-bills-to-pay-or-destiny-dile-que-no-soy-malo	UsL8mMKq
32	Straight Time	1978	https://www.criterionchannel.com/straight-time	307	/films/Z3vt1aKe/straight-time	Z3vt1aKe
33	Some Came Running	1958	https://www.criterionchannel.com/some-came-running	307	/films/Fvzyz0tt/some-came-running	Fvzyz0tt
36	Portrait in Black	1960	https://www.criterionchannel.com/portrait-in-black	307	/films/PR16TdkU/portrait-in-black	PR16TdkU
37	Fear and Loathing in Las Vegas	1998	https://www.criterionchannel.com/fear-and-loathing-in-las-vegas	307	/films/urW4pu5p/fear-and-loathing-in-las-vegas	urW4pu5p
38	Vulcanizadora	2024	https://www.criterionchannel.com/vulcanizadora	307	/films/UlyRzroJ/vulcanizadora	UlyRzroJ
43	Penkelemes	2025	https://www.criterionchannel.com/penkelemes	307	/films/zNgfjEXS/penkelemes	zNgfjEXS
47	Nightclubbing: The Birth of Punk Rock in NYC	2022	https://www.criterionchannel.com/nightclubbing-the-birth-of-punk-rock-in-nyc	307	/films/a2y2N2Jj/nightclubbing-the-birth-of-punk-rock-in-nyc	a2y2N2Jj
48	Where the Lilies Bloom	1974	https://www.criterionchannel.com/where-the-lilies-bloom	307	/films/canJhB8a/where-the-lilies-bloom	canJhB8a
49	The Silence of the Lambs	1991	https://www.criterionchannel.com/the-silence-of-the-lambs	307	/films/D1eOYMBR/the-silence-of-the-lambs	D1eOYMBR
50	Married to the Mob	1988	https://www.criterionchannel.com/married-to-the-mob	307	/films/Nj44EWSx/married-to-the-mob	Nj44EWSx
56	Test Pattern	2019	https://www.criterionchannel.com/test-pattern	307	/films/gpRRkq27/test-pattern	gpRRkq27
57	A Band Called Death	2012	https://www.criterionchannel.com/a-band-called-death	307	/films/kRpLMViy/a-band-called-death	kRpLMViy
60	Harry Dean Stanton: Partly Fiction	2012	https://www.criterionchannel.com/harry-dean-stanton-partly-fiction	307	/films/zJQ8t0cE/harry-dean-stanton-partly-fiction	zJQ8t0cE
61	Violent Saturday	1955	https://www.criterionchannel.com/violent-saturday	307	/films/3mdVSDEg/violent-saturday	3mdVSDEg
62	The Long, Hot Summer	1958	https://www.criterionchannel.com/the-long-hot-summer	307	/films/LsdmVbER/the-long-hot-summer	LsdmVbER
63	The Girl in the Red Velvet Swing	1955	https://www.criterionchannel.com/the-girl-in-the-red-velvet-swing	307	/films/aI0pFpOd/the-girl-in-the-red-velvet-swing	aI0pFpOd
64	No Down Payment	1957	https://www.criterionchannel.com/no-down-payment	307	/films/8isZHHVd/no-down-payment	8isZHHVd
65	Bigger Than Life	1956	https://www.criterionchannel.com/bigger-than-life	307	/films/W6yisGPl/bigger-than-life	W6yisGPl
118	The Tokyo Trial	1983	https://www.criterionchannel.com/the-tokyo-trial	404		
122	Lumière, le cinéma!	2025	https://www.criterionchannel.com/lumiere-le-cinema	307	/films/mU8EbiA0/lumiere-le-cinema	mU8EbiA0
125	The Deal	2005	https://www.criterionchannel.com/the-deal	307	/films/rMEBhZKb/the-deal	rMEBhZKb
130	Riotsville, U.S.A.	2022	https://www.criterionchannel.com/riotsville-u-s-a	307	/films/HU9xVW87/riotsville-usa	HU9xVW87
132	Where Are You Taking Me?	2010	https://www.criterionchannel.com/where-are-you-taking-me	307	/films/x34nK784/where-are-you-taking-me	x34nK784
142	K-ON! THE MOVIE: English-Dubbed Version	2011	https://www.criterionchannel.com/k-on-the-movie-english-dubbed-version	404		
147	Grenada: The Future Coming Towards Us	1984	https://www.criterionchannel.com/grenada-the-future-coming-towards-us	307	/films/lUeuT11x/grenada-the-future-coming-towards-us	lUeuT11x
149	Haiti: The Way to Freedom	1973	https://www.criterionchannel.com/haiti-the-way-to-freedom	307	/films/XOrNhi5p/haiti-the-way-of-freedom	XOrNhi5p
151	Tokyo Melody: A Film About Ryuichi Sakamoto	1985	https://www.criterionchannel.com/tokyo-melody-a-film-about-ryuichi-sakamoto	307	/films/VeOrue7s/tokyo-melody	VeOrue7s
152	Return to Reason	2024	https://www.criterionchannel.com/return-to-reason	307	/films/EGdR2QMU/return-to-reason	EGdR2QMU
155	Gender Troublemakers	1993	https://www.criterionchannel.com/gender-troublemakers	307	/films/EZzX06PX/gender-troublemakers	EZzX06PX
156	Jane by Charlotte	2021	https://www.criterionchannel.com/jane-by-charlotte	307	/films/dmqCFjpq/jane-by-charlotte	dmqCFjpq
157	Freakscene: The Story of Dinosaur Jr.	2021	https://www.criterionchannel.com/freakscene-the-story-of-dinosaur-jr	307	/films/pbvNcLN8/freakscene-the-story-of-dinosaur-jr	pbvNcLN8
162	Tuktuit	2025	https://www.criterionchannel.com/tuktuit	307	/films/hF9oZYL1/tuktuit	hF9oZYL1
164	Gatchaman: The Movie	1978	https://www.criterionchannel.com/gatchaman-the-movie	307	/films/HyKwjHMD/gatchaman-the-movie	HyKwjHMD
166	Grasshopper Republic	2023	https://www.criterionchannel.com/grasshopper-republic	307	/films/ObpRzJyk/grasshopper-republic	ObpRzJyk
170	Painters Painting	1972	https://www.criterionchannel.com/painters-painting	307	/films/UhiQtYI3/painters-painting	UhiQtYI3
173	In the Year of the Pig	1968	https://www.criterionchannel.com/in-the-year-of-the-pig	307	/films/b6jxLXz3/in-the-year-of-the-pig	b6jxLXz3
177	Concrete Resources (Thank you for keeping me a company of images)	2024	https://www.criterionchannel.com/concrete-resources-thank-you-for-keeping-me-a-company-of-images	307	/films/8ghVZAG1/concrete-resources-thank-you-for-keeping-me-a-company-of-images	8ghVZAG1
185	Yam daabo	1987	https://www.criterionchannel.com/yam-daabo	404		
193	Who Killed Teddy Bear	1965	https://www.criterionchannel.com/who-killed-teddy-bear	307	/films/0CuhvKML/who-killed-teddy-bear	0CuhvKML
201	Virgin Machine	1988	https://www.criterionchannel.com/virgin-machine	307	/films/PAYQVhLw/virgin-machine	PAYQVhLw
202	Seduction: The Cruel Woman	1985	https://www.criterionchannel.com/seduction-the-cruel-woman	307	/films/pqoeMoWy/seduction-the-cruel-woman	pqoeMoWy
207	Didn’t Do It for Love	1997	https://www.criterionchannel.com/didn-t-do-it-for-love	307	/films/cHf0uK2I/didn-t-do-it-for-love	cHf0uK2I
209	The Giverny Document	2019	https://www.criterionchannel.com/the-giverny-document	307	/films/ww31doHd/the-giverny-document	ww31doHd
219	Videoheaven	2024	https://www.criterionchannel.com/videoheaven	307	/films/8UrEPMoa/videoheaven	8UrEPMoa
227	Lúcio Flávio	1977	https://www.criterionchannel.com/lucio-flavio	307	/films/f7ZjRJWn/lucio-flavio	f7ZjRJWn
241	Fassbinder's Women	2000	https://www.criterionchannel.com/fassbinder-s-women	307	/films/YazaWnLP/fassbinder-s-women	YazaWnLP
245	Safe Among Stars	2020	https://www.criterionchannel.com/safe-among-stars	307	/films/jsZwPA1b/safe-among-stars	jsZwPA1b
255	All by Myself: The Eartha Kitt Story	1982	https://www.criterionchannel.com/all-by-myself-the-eartha-kitt-story	307	/films/D3umvOdV/all-by-myself-the-earth-kitt-story	D3umvOdV
257	The Ballad of Suzanne Césaire	2024	https://www.criterionchannel.com/the-ballad-of-suzanne-cesaire	307	/films/QRoQtLCP/the-ballad-of-suzanne-cesaire	QRoQtLCP
272	Pretty Red Dress	2022	https://www.criterionchannel.com/pretty-red-dress	307	/films/H98c0OMT/pretty-red-dress	H98c0OMT
273	Faces, Displays, and Other Imaginary Things	2021	https://www.criterionchannel.com/faces-displays-and-other-imaginary-things	307	/films/PYE0Bdhh/faces-displays-and-other-imaginary-things	PYE0Bdhh
280	The Many Miracles of Household Saints	2023	https://www.criterionchannel.com/the-many-miracles-of-household-saints	307	/films/14Hb72Xg/the-many-miracles-of-household-saints	14Hb72Xg
298	Swordsman	1990	https://www.criterionchannel.com/swordsman	307	/films/Rw9SDn3L/swordsman	Rw9SDn3L
320	By the River	2019	https://www.criterionchannel.com/by-the-river	307	/films/KgvvBN3W/by-the-river	KgvvBN3W
324	A Better Tomorrow III: Love & Death in Saigon	1989	https://www.criterionchannel.com/a-better-tomorrow-iii-love-death-in-saigon	307	/films/JjG8JUUL/a-better-tomorrow-iii-love-and-death-in-saigon	JjG8JUUL
330	Shanghai Blues	1984	https://www.criterionchannel.com/shanghai-blues	307	/films/aGyj1AsY/shanghai-blues	aGyj1AsY
331	Heroes Shed No Tears	1984	https://www.criterionchannel.com/heroes-shed-no-tears	307	/films/rxx5trWY/heroes-shed-no-tears	rxx5trWY
339	Hope There’s Someone	2005	https://www.criterionchannel.com/hope-there-s-someone	307	/films/Ag4952Yx/hope-there-s-someone	Ag4952Yx
341	Cut the World	2012	https://www.criterionchannel.com/cut-the-world	307	/films/m0BuIfjS/cut-the-world	m0BuIfjS
342	Another World	2008	https://www.criterionchannel.com/another-world	307	/films/dhNWDlG0/another-world	dhNWDlG0
350	Europe Endless 1: The Spectre of Eurocommunism	2019	https://www.criterionchannel.com/europe-endless-1-the-spectre-of-eurocommunism	307	/films/I181hBeB/europe-endless	I181hBeB
351	Contras’ City	1969	https://www.criterionchannel.com/contras-city	307	/supplements/3ekwz1ry/contras-city	
353	Queens of the Stone Age: Alive in the Catacombs	2025	https://www.criterionchannel.com/queens-of-the-stone-age-alive-in-the-catacombs	307	/films/WrsNefkh/queens-of-the-stone-age-alive-in-the-catacombs	WrsNefkh
376	Lemmings, Part 1: Arcadia	1979	https://www.criterionchannel.com/lemmings-part-1-arcadia	307	/films/BTrLfQfq/lemmings-part-1-arcadia	BTrLfQfq
377	Return of the War Room	2008	https://www.criterionchannel.com/return-of-the-war-room	404		
385	Near Orouët	1971	https://www.criterionchannel.com/near-orouet	307	/films/4I4EZcXM/near-orouet	4I4EZcXM
393	Basquiat	2024	https://www.criterionchannel.com/basquiat-1	404		
398	It Couldn’t Happen Here	1987	https://www.criterionchannel.com/it-couldn-t-happen-here	307	/films/FbrHlhTX/it-couldn-t-happen-here	FbrHlhTX
404	Bon voyage, Sim	1966	https://www.criterionchannel.com/bon-voyage-sim	307	/films/B6BcNmti/bon-voyage-sim	B6BcNmti
408	Female Perversions	1996	https://www.criterionchannel.com/female-perversions	307	/films/qkM7722Q/female-perversions	qkM7722Q
419	The Crazy Ray	1924	https://www.criterionchannel.com/the-crazy-ray	404		
455	Jamón jamón	1992	https://www.criterionchannel.com/jamon-jamon	307	/films/9WPkQpB5/jamon-jamon	9WPkQpB5
470	The Gang of Four	1989	https://www.criterionchannel.com/the-gang-of-four	307	/films/NqyyIgWQ/gang-of-four	NqyyIgWQ
472	Joan the Maid II: The Prisons	1994	https://www.criterionchannel.com/joan-the-maid-ii-the-prisons	404		
473	Joan the Maid I: The Battles	1994	https://www.criterionchannel.com/joan-the-maid-i-the-battles	404		
476	Regret to Inform	1998	https://www.criterionchannel.com/regret-to-inform	307	/films/yzexIZR8/regret-to-inform	yzexIZR8
490	Julien Donkey-Boy	1999	https://www.criterionchannel.com/julien-donkey-boy	307	/films/B1UrUMuP/julien-donkey-boy	B1UrUMuP
506	And . . . We've Got Sabor	1967	https://www.criterionchannel.com/and-we-ve-got-sabor	307	/films/CsIX7dSh/and-we-ve-got-sabor	CsIX7dSh
517	Wildcat	2023	https://www.criterionchannel.com/wildcat	307	/films/cnStYoEF/wildcat	cnStYoEF
531	The Hop-Pickers	1964	https://www.criterionchannel.com/the-hop-pickers	307	/films/LPADcTDb/the-hop-pickers	LPADcTDb
550	The Shadowless Tower	2023	https://www.criterionchannel.com/the-shadowless-tower	307	/films/XkGVBSTH/shadowless-tower	XkGVBSTH
560	Bums’ Paradise	2002	https://www.criterionchannel.com/bums-paradise	307	/films/ixXLoi5p/bums-paradise	ixXLoi5p
561	Automorphosis	2007	https://www.criterionchannel.com/automorphosis	307	/films/n9k2jyJY/automorphosis	n9k2jyJY
563	The Body Is a House of Familiar Rooms	2022	https://www.criterionchannel.com/the-body-is-a-house-of-familiar-rooms	307	/films/4Uok8Jr8/the-body-is-a-house-of-familiar-rooms	4Uok8Jr8
564	Out of the Blue	1980	https://www.criterionchannel.com/out-of-the-blue	307	/films/3AWJOVpv/out-of-the-blue	3AWJOVpv
565	When It’s Good, It’s Good	2023	https://www.criterionchannel.com/when-it-s-good-it-s-good	307	/films/2O0X1Knw/when-it-s-good-it-s-good	2O0X1Knw
574	Good Times, Wonderful Times	1965	https://www.criterionchannel.com/good-times-wonderful-times	307	/films/X5zx2YXL/good-times-wonderful-times	X5zx2YXL
577	Arab Israeli Dialogue	1974	https://www.criterionchannel.com/arab-israeli-dialogue	307	/films/oP7CEjyh/arab-israeli-dialogue	oP7CEjyh
579	The Universe Is Out There: Josh and Benny Safdie		https://www.criterionchannel.com/the-universe-is-out-there-josh-and-benny-safdie-1	404		
590	Spotlight on Mikio Naruse		https://www.criterionchannel.com/spotlight-on-mikio-naruse-with-imogen-sara-smith	404		
591	Spotlight on Youssef Chahine		https://www.criterionchannel.com/spotlight-on-youssef-chahine-with-richard-pena	404		
607	Dawn of a New Day	1964	https://www.criterionchannel.com/dawn-of-a-new-day	307	/films/4IT1X91C/dawn-of-a-new-day	4IT1X91C
620	LIME KILN CLUB FIELD DAY Outtakes	1913	https://www.criterionchannel.com/lime-kiln-club-field-day-outtakes	307	/films/e2LM4Fco/lime-kiln-club-field-day-outtakes	e2LM4Fco
626	Perfumed Nightmare	1977	https://www.criterionchannel.com/perfumed-nightmare	307	/films/nyhKieDB/perfumed-nightmare	nyhKieDB
632	Huey Lewis and the News: BEFORE!	1986	https://www.criterionchannel.com/huey-lewis-and-the-news-before	307	/films/Svk5EAAI/huey-lewis-and-the-news-before	Svk5EAAI
639	All in This Tea	2006	https://www.criterionchannel.com/all-in-this-tea	307	/films/fCNQ34cJ/all-in-this-tea	fCNQ34cJ
641	LIME KILN CLUB FIELD DAY: Trevor Mathison Score	1913	https://www.criterionchannel.com/lime-kiln-club-field-day-trevor-mathison-score	307	/films/9kd7nczr/lime-kiln-club-field-day-archival-assembly-trevor-mathison-score	9kd7nczr
642	LIME KILN CLUB FIELD DAY: Donald Sosin Score	1913	https://www.criterionchannel.com/lime-kiln-club-field-day-donald-sosin-score	307	/films/3OyUYZhc/lime-kiln-club-field-day-archival-assembly-donald-sosin-score	3OyUYZhc
667	The Island	1974	https://www.criterionchannel.com/from-the-family-of-reptiles-and-the-island	307	/films/ixwtdutX/the-island	ixwtdutX
734	Larisa	2026	https://www.criterionchannel.com/larisa	307	/films/t3A74Myi/larisa	t3A74Myi
781	Mississippi Blues	1984	https://www.criterionchannel.com/mississippi-blues	307	/films/8ZSD4CZx/mississippi-blues	8ZSD4CZx
782	The Undeclared War	1992	https://www.criterionchannel.com/the-undeclared-war	404		
783	Safe Conduct	2002	https://www.criterionchannel.com/safe-conduct	404		
784	Let Joy Reign Supreme	1975	https://www.criterionchannel.com/let-joy-reign-supreme	404		
785	L.627	1992	https://www.criterionchannel.com/l-627	404		
786	It All Starts Today	1999	https://www.criterionchannel.com/it-all-starts-today	404		
799	LA ROUE: Part 4	1923	https://www.criterionchannel.com/la-roue-part-4	404		
800	LA ROUE: Part 3	1923	https://www.criterionchannel.com/la-roue-part-3	404		
801	LA ROUE: Part 2	1923	https://www.criterionchannel.com/la-roue-part-2	404		
802	LA ROUE: Part 1	1923	https://www.criterionchannel.com/la-roue-part-1	404		
827	The Beguiled	1971	https://www.criterionchannel.com/the-beguiled	307	/films/uazs1PbT/the-beguiled	uazs1PbT
853	La Llorona	2019	https://www.criterionchannel.com/la-llorona-1	404		
915	No Ordinary Man	2021	https://www.criterionchannel.com/no-ordinary-man	307	/films/iqWFnOIP/no-ordinary-man	iqWFnOIP
937	Miami Blues	1990	https://www.criterionchannel.com/miami-blues	307	/films/srTQeb3k/miami-blues	srTQeb3k
950	Grandma’s Boy	1922	https://www.criterionchannel.com/grandma-s-boy	307	/films/gEVZqaIs/grandma-s-boy	gEVZqaIs
965	A Certain Morning	1992	https://www.criterionchannel.com/a-certain-morning	307	/films/QtE6Aum3/a-certain-morning	QtE6Aum3
969	That’s Him	1918	https://www.criterionchannel.com/that-s-him	307	/films/JKIfnZri/that-s-him	JKIfnZri
970	Over the Fence	2016	https://www.criterionchannel.com/over-the-fence	307	/films/yrZn0fe9/over-the-fence	yrZn0fe9
1028	Christine	1983	https://www.criterionchannel.com/christine-1	307	/films/Kx2zdPeX/christine	Kx2zdPeX
1041	The Cry of Jazz	1959	https://www.criterionchannel.com/the-cry-of-jazz	404		
1042	Martha Clarke Light & Dark: A Dancer’s Journal	1980	https://www.criterionchannel.com/martha-clarke-light-dark-a-dancer-s-journal	404		
1059	The Long Good Friday	1979	https://www.criterionchannel.com/the-long-good-friday	307	/films/q3BrPIbP/the-long-good-friday	q3BrPIbP
1074	The Hunt	1966	https://www.criterionchannel.com/the-hunt	307	/films/DiWPPrNn/the-hunt	DiWPPrNn
1097	Desert Fury	1947	https://www.criterionchannel.com/desert-fury	307	/films/mUgomECn/desert-fury	mUgomECn
1099	A Kiss Before Dying	1956	https://www.criterionchannel.com/a-kiss-before-dying	307	/films/XFRMgazt/a-kiss-before-dying	XFRMgazt
1100	Leave Her to Heaven	1945	https://www.criterionchannel.com/leave-her-to-heaven	307	/films/YlHvXfZq/leave-her-to-heaven	YlHvXfZq
1106	Crimes of the Future	2022	https://www.criterionchannel.com/crimes-of-the-future	307	/films/qze4RDA4/crimes-of-the-future	qze4RDA4
1108	Because Men in Silk Shirts on Lagos Nights	2019	https://www.criterionchannel.com/because-men-in-silk-shirts-on-lagos-nights	307	/films/6v3Y9wVs/because-men-in-silk-shirts-on-lagos-nights	6v3Y9wVs
1115	As Time Goes By		https://www.criterionchannel.com/as-time-goes-by	307	/films/W2bErcGJ/as-time-goes-by	W2bErcGJ
1138	The Emperor's Naked Army Marches On	1987	https://www.criterionchannel.com/the-emperor-s-naked-army-marches-on	307	/films/VI3wDy5R/the-emperor-s-naked-army-marches-on	VI3wDy5R
1151	Yesterday, Today and Tomorrow	1963	https://www.criterionchannel.com/yesterday-today-and-tomorrow	307	/films/BAy15ezL/yesterday-today-and-tomorrow	BAy15ezL
1157	Written on the Wind	1956	https://www.criterionchannel.com/written-on-the-wind	307	/films/B5QukqLC/written-on-the-wind	B5QukqLC
1166	Small Deaths	1996	https://www.criterionchannel.com/small-deaths	307	/films/1ymb4rHW/small-deaths	1ymb4rHW
1179	Home from the Hill	1960	https://www.criterionchannel.com/home-from-the-hill	307	/films/TisWCXrX/home-from-the-hill	TisWCXrX
1180	Clorae and Albie	1975	https://www.criterionchannel.com/clorae-and-albie	307	/films/oGAwUPgD/clorae-and-albie	oGAwUPgD
1189	Niagara	1953	https://www.criterionchannel.com/niagara	307	/films/eMN05MRg/niagara	eMN05MRg
1193	Please Speak Continuously and Describe Your Experiences as They Come to You	2019	https://www.criterionchannel.com/please-speak-continuously-and-describe-your-experiences-as-they-come-to-you	307	/films/JrPjRYfX/please-speak-continuously-and-describe-your-experiences-as-they-come-to-you	JrPjRYfX
1197	White Echo	2019	https://www.criterionchannel.com/white-echo	307	/films/GIeDh53H/white-echo	GIeDh53H
1208	Inspiration	2016	https://www.criterionchannel.com/inspiration	307	/films/rAfZKJwB/inspiration	rAfZKJwB
1209	King Lavra	1951	https://www.criterionchannel.com/king-lavra	307	/films/Imnxqi8k/king-lavra	Imnxqi8k
1210	A Horseshoe for Luck	1914	https://www.criterionchannel.com/a-horseshoe-for-luck	404		
1229	The Long Goodbye	1973	https://www.criterionchannel.com/the-long-goodbye	307	/films/3oG4hkX8/the-long-goodbye	3oG4hkX8
1236	Robert Downey: Moment to Moment	2021	https://www.criterionchannel.com/robert-downey-moment-to-moment	307	/supplements/XmCnluTe/robert-downey-moment-to-moment	
1285	DR. DOLITTLE: LION’S DEN: English Version	1928	https://www.criterionchannel.com/dr-dolittle-lion-s-den-english-version	307	/films/YM0kT8PG/dr-dolittle-lion-s-den-english-version	YM0kT8PG
1286	Dr. Dolittle: A Trip to Africa	1928	https://www.criterionchannel.com/dr-dolittle-a-trip-to-africa	307	/films/rCKYKuhO/dr-dolittle-a-trip-to-africa	rCKYKuhO
1305	Pressure	1976	https://www.criterionchannel.com/pressure-1	307	/films/QpoAk43F/pressure	QpoAk43F
1312	A Day in Barbagia	1959	https://www.criterionchannel.com/a-day-in-barbagia	307	/films/4QUQWg4U/a-day-in-barbagia	4QUQWg4U
1315	Golden Parable	1954	https://www.criterionchannel.com/golden-parable	307	/films/HGpmGuTE/golden-parable	HGpmGuTE
1316	Sea Countrymen	1954	https://www.criterionchannel.com/sea-countrymen	307	/films/LeZcoN3H/sea-countrymen	LeZcoN3H
1317	Easter in Sicily	1954	https://www.criterionchannel.com/easter-in-sicily	307	/films/2FwiLqya/easter-in-sicily	2FwiLqya
1318	Solfatara	1954	https://www.criterionchannel.com/solfatara	307	/films/zZ6dZR6Z/solfatara	zZ6dZR6Z
1321	11'09"01—September 11	2002	https://www.criterionchannel.com/11-09-01-september-11	307	/films/k9cxGSsU/11-09-01-september-11	k9cxGSsU
1322	How Can It Be?	2008	https://www.criterionchannel.com/how-can-it-be	307	/films/NrDyZ85u/how-can-it-be	NrDyZ85u
1334	A Week’s Vacation	1980	https://www.criterionchannel.com/a-week-s-vacation	404		
1335	A Sunday in the Country	1984	https://www.criterionchannel.com/a-sunday-in-the-country	404		
1336	The Judge and the Assassin	1976	https://www.criterionchannel.com/the-judge-and-the-assassin	404		
1337	The Clockmaker of St. Paul	1974	https://www.criterionchannel.com/the-clockmaker-of-st-paul	404		
1338	Captain Conan	1996	https://www.criterionchannel.com/captain-conan	404		
1358	Acid Rain	2019	https://www.criterionchannel.com/acid-rain	404		
1368	AGNÈS DE CI DE LÀ VARDA: Episode 5	2011	https://www.criterionchannel.com/agnes-de-ci-de-la-varda-episode-5	404		
1369	AGNÈS DE CI DE LÀ VARDA: Episode 4	2011	https://www.criterionchannel.com/agnes-de-ci-de-la-varda-episode-4	404		
1370	AGNÈS DE CI DE LÀ VARDA: Episode 3	2011	https://www.criterionchannel.com/agnes-de-ci-de-la-varda-episode-3	404		
1371	AGNÈS DE CI DE LÀ VARDA: Episode 2	2011	https://www.criterionchannel.com/agnes-de-ci-de-la-varda-episode-2	404		
1372	AGNÈS DE CI DE LÀ VARDA: Episode 1	2011	https://www.criterionchannel.com/agnes-de-ci-de-la-varda-episode-1	404		
1381	Réponse de femmes	1975	https://www.criterionchannel.com/reponse-de-femmes	307	/films/t5EAYFT0/reponse-de-femmes-notre-corps-notre-sexe	t5EAYFT0
1396	Any Number Can Win	1963	https://www.criterionchannel.com/any-number-can-win	307	/films/XAOohYcW/any-number-can-win	XAOohYcW
1475	Pixote	1981	https://www.criterionchannel.com/pixote	307	/films/4M9XSZnQ/pixote	4M9XSZnQ
1486	Ghost World	2001	https://www.criterionchannel.com/ghost-world	307	/films/QUaZrSzI/ghost-world	QUaZrSzI
1487	Art School Confidential	2006	https://www.criterionchannel.com/art-school-confidential	307	/films/QVdVS2aY/art-school-confidential	QVdVS2aY
1488	We Work Again	1937	https://www.criterionchannel.com/we-work-again	307	/supplements/Bt8EOEJB/we-work-again	
1496	Zora Neale Hurston Fieldwork Footage	1928	https://www.criterionchannel.com/zora-neale-hurston-fieldwork-footage	307	/films/5ZsyPBzn/zora-neale-hurston-fieldwork-footage	5ZsyPBzn
1521	Commandment Keeper Church, Beaufort South Carolina, May 1940	1940	https://www.criterionchannel.com/commandment-keeper-church-beaufort-south-carolina-may-1940	307	/films/6PHC5M9t/commandment-keeper-church-beaufort-south-carolina-may-1940	6PHC5M9t
1551	Le chien du Monsieur Michel		https://www.criterionchannel.com/le-chien-du-monsieur-michel	307	/films/BeWXkxaU/le-chien-du-monsieur-michel	BeWXkxaU
1552	The Traveler	2010	https://www.criterionchannel.com/the-traveler	307	/films/RPGFFqmA/the-traveler	RPGFFqmA
1564	Something Wild	1986	https://www.criterionchannel.com/something-wild-1	307	/films/giP0QCm5/something-wild	giP0QCm5
1579	Four Journeys into Mystic Time: Mysterium	1978	https://www.criterionchannel.com/four-journeys-into-mystic-time-mysterium	404		
1580	Four Journeys into Mystic Time: One-Two-Three	1978	https://www.criterionchannel.com/four-journeys-into-mystic-time-one-two-three	404		
1581	Four Journeys into Mystic Time: Trans	1978	https://www.criterionchannel.com/four-journeys-into-mystic-time-trans	404		
1582	Four Journeys into Mystic Time: Initiation	1978	https://www.criterionchannel.com/four-journeys-into-mystic-time-initiation	404		
1606	Escape from New York	1981	https://www.criterionchannel.com/escape-from-new-york	307	/films/ETfrhfna/escape-from-new-york	ETfrhfna
1608	Fatherland	2017	https://www.criterionchannel.com/fatherland	307	/films/0srqOgDx/fatherland	0srqOgDx
1609	Viva Maria!	2010	https://www.criterionchannel.com/viva-maria-1	404		
1621	Entr’acte	1924	https://www.criterionchannel.com/entr-acte	307	/films/y1Yo8R4N/entr-acte	y1Yo8R4N
1630	Shall We Go to Your or My Place or Each Go Home Alone?	1973	https://www.criterionchannel.com/shall-we-go-to-your-or-my-place-or-each-go-home-alone	307	/films/qYF6i1BP/shall-we-go-to-my-place-or-your-place-or-each-go-home-alone	qYF6i1BP
1635	Sculptures by Sofu—Vita	1963	https://www.criterionchannel.com/sculptures-by-sofu-vita	307	/films/FtwU10w6/sculptures-by-sofu-vita	FtwU10w6
1636	The Hall Runner	2014	https://www.criterionchannel.com/the-hall-runner	404		
1637	Louis Riel for Dinner	2014	https://www.criterionchannel.com/louis-riel-for-dinner	404		
1638	Only Dream Things	2012	https://www.criterionchannel.com/only-dream-things	404		
1639	Sinclair	2010	https://www.criterionchannel.com/sinclair	404		
1640	Spanky: To the Pier and Back	2008	https://www.criterionchannel.com/spanky-to-the-pier-and-back	404		
1644	Pleasant Grove	1996	https://www.criterionchannel.com/pleasant-grove	307	/films/kBnyWDme/pleasant-grove	kBnyWDme
1650	The Immigrant	1917	https://www.criterionchannel.com/the-immigrant	404		
1651	The Rink	1916	https://www.criterionchannel.com/the-rink	404		
1657	Le sabotier du Val de Loire	1956	https://www.criterionchannel.com/le-sabotier-du-val-de-loire	307	/films/lgvm6sdZ/le-sabotier-du-val-loire	lgvm6sdZ
1661	L’amour existe	1960	https://www.criterionchannel.com/l-amour-existe	307	/films/oOwmCKWp/l-amour-existe	oOwmCKWp
1676	L'humanité	1999	https://www.criterionchannel.com/l-humanite	307	/films/k19mTo0c/l-humanite	k19mTo0c
1682	Bad Timing	1980	https://www.criterionchannel.com/bad-timing	307	/films/Kr451EkO/bad-timing	Kr451EkO
1687	Hospital	1976	https://www.criterionchannel.com/hospital	307	/films/kfNxsAB5/hospital	kfNxsAB5
1688	Seven Women of Different Ages	1978	https://www.criterionchannel.com/seven-women-of-different-ages	307	/films/XoFK9icB/seven-women-of-different-ages	XoFK9icB
1689	Factory	1970	https://www.criterionchannel.com/factory-1	404		
1697	Footprints	1960	https://www.criterionchannel.com/footprints	307	/films/3ufZ2K7t/footprints	3ufZ2K7t
1702	The Running Jumping & Standing Still Film	1959	https://www.criterionchannel.com/the-running-jumping-standing-still-film	307	/films/map5oaTb/the-running-jumping-and-standing-still-film	map5oaTb
1703	The Man Who Fell to Earth	1976	https://www.criterionchannel.com/the-man-who-fell-to-earth	307	/films/WJ7YiREJ/the-man-who-fell-to-earth	WJ7YiREJ
1705	Bud Greenspan Presents Vancouver 2010: Stories of Olympic Glory	2011	https://www.criterionchannel.com/bud-greenspan-presents-vancouver-2010-stories-of-olympic-glory	307	/films/xS4WuB9b/bud-greenspan-presents-vancouver-2010-stories-of-olympic-glory	xS4WuB9b
1708	Bud Greenspan’s Athens 2004: Stories of Olympic Glory	2005	https://www.criterionchannel.com/bud-greenspan-s-athens-2004-stories-of-olympic-glory	307	/films/argO2DPE/bud-greenspan-s-athens-2004-stories-of-olympic-glory	argO2DPE
1712	Marathon	2005	https://www.criterionchannel.com/marathon-1	404		
1720	Lone Wolf and Cub: Baby Cart in Peril	1972	https://www.criterionchannel.com/lone-wolf-and-cub-baby-cart-in-peril	404		
1731	A Town of Love and Hope	1959	https://www.criterionchannel.com/street-of-love-and-hope	307	/films/mOaCbjQk/a-town-of-love-and-hope	mOaCbjQk
1739	First		https://www.criterionchannel.com/first-1	404		
1740	The Everlasting Flame	2009	https://www.criterionchannel.com/the-everlasting-flame	307	/films/ZLF4UeBN/the-everlasting-flame	ZLF4UeBN
1744	Atlanta's Olympic Glory	1997	https://www.criterionchannel.com/atlanta-s-olympic-glory	307	/films/BclsCx49/atlanta-s-olympic-glory	BclsCx49
1747	Beyond All Barriers	1989	https://www.criterionchannel.com/beyond-all-barriers	307	/films/mkzVs3Xy/beyond-all-barriers	mkzVs3Xy
1750	16 Days of Glory	1985	https://www.criterionchannel.com/16-days-of-glory	307	/films/2bnK8b0f/16-days-of-glory	2bnK8b0f
1775	The Olympic Games, Amsterdam 1928	1928	https://www.criterionchannel.com/the-olympic-games-amsterdam-1928	307	/films/mOKpqbvT/the-olympic-games-amsterdam-1928	mOKpqbvT
1777	The IX Olympiad in Amsterdam	1928	https://www.criterionchannel.com/the-ix-olympiad-in-amsterdam	307	/films/dYbj5nMq/the-ix-olympiad-in-amsterdam	dYbj5nMq
1779	The Olympic Games in Paris 1924	1925	https://www.criterionchannel.com/the-olympic-games-in-paris-1924	307	/films/aZQu1DPr/the-olympic-games-in-paris-1924	aZQu1DPr
1782	The Games of the V Olympiad Stockholm, 1912	2017	https://www.criterionchannel.com/the-games-of-the-v-olympiad-stockholm-1912	307	/films/5XbchYr2/the-games-of-the-v-olympiad-stockholm-1912	5XbchYr2
1790	Several Friends	1969	https://www.criterionchannel.com/several-friends	307	/supplements/4mBLUot9/several-friends	
1797	Lettres d'amour	1942	https://www.criterionchannel.com/lettres-d-amour	307	/films/dy4cnZFW/lettres-d-amour	dy4cnZFW
1802	George Stevens: A Filmmaker's Journey	1984	https://www.criterionchannel.com/george-stevens-a-filmmaker-s-journey	307	/films/84oQoEnZ/george-stevens-a-filmmaker-s-journey	84oQoEnZ
1810	La ricotta	1962	https://www.criterionchannel.com/la-ricotta	307	/films/IZgLi24q/la-ricotta	IZgLi24q
1817	Grey Gardens	1976	https://www.criterionchannel.com/grey-gardens-1	404		
1868	White Mane	1952	https://www.criterionchannel.com/white-mane	307	/films/Sj8lkt3m/white-mane	Sj8lkt3m
1909	SCENES FROM A MARRIAGE: Theatrical Version	1973	https://www.criterionchannel.com/scenes-from-a-marriage-theatrical-version	307	/films/Eyn0aWLL/scenes-from-a-marriage-theatrical-version	Eyn0aWLL
1913	How to Get Ahead in Advertising	1988	https://www.criterionchannel.com/how-to-get-ahead-in-advertising	307	/films/nLhkpPbt/how-to-get-ahead-in-advertising	nLhkpPbt
1914	Withnail and I	1986	https://www.criterionchannel.com/withnail-and-i	307	/films/Cq4yp1zn/withnail-and-i	Cq4yp1zn
1923	All That Money Can Buy	1941	https://www.criterionchannel.com/the-devil-and-daniel-webster	307	/films/D1jIH5uh/all-that-money-can-buy-a-k-a-the-devil-and-daniel-webster	D1jIH5uh
1932	The Marriage of Maria Braun	1978	https://www.criterionchannel.com/the-marriage-of-maria-braun	307	/films/okg65LAX/the-marriage-of-maria-braun	okg65LAX
1952	La Pointe Courte	1956	https://www.criterionchannel.com/la-pointe-courte	307	/films/Rw0boLYh/la-pointe-courte	Rw0boLYh
1980	Les fiancés du pont Macdonald	1961	https://www.criterionchannel.com/les-fiances-du-pont-macdonald	307	/films/XeHw26PN/les-fiances-du-pont-macdonald	XeHw26PN
2010	A Taxing Woman’s Return	1988	https://www.criterionchannel.com/a-taxing-woman-s-return	307	/films/hJwnM1PR/a-taxing-woman-s-return	hJwnM1PR
2064	Look Back in Anger	1959	https://www.criterionchannel.com/look-back-in-anger	307	/films/fOqGf9aN/look-back-in-anger	fOqGf9aN
2067	Lone Wolf and Cub: White Heaven in Hell	1974	https://www.criterionchannel.com/lone-wolf-and-cub-white-heaven-in-hell	404		
2068	Lone Wolf and Cub: Baby Cart in the Land of Demons	1973	https://www.criterionchannel.com/lone-wolf-and-cub-baby-cart-in-the-land-of-demons	404		
2069	Lone Wolf and Cub: Baby Cart to Hades	1972	https://www.criterionchannel.com/lone-wolf-and-cub-baby-cart-to-hades	404		
2070	Lone Wolf and Cub: Baby Cart at the River Styx	1972	https://www.criterionchannel.com/lone-wolf-and-cub-baby-cart-at-the-river-styx	404		
2071	Lone Wolf and Cub: Sword of Vengeance	1972	https://www.criterionchannel.com/lone-wolf-and-cub-sword-of-vengeance	404		
2078	La boutique	1967	https://www.criterionchannel.com/la-boutique	307	/films/31pVrFoL/la-boutique	31pVrFoL
2089	Mur Murs	1980	https://www.criterionchannel.com/mur-murs	307	/films/KMMjX7AN/mur-murs	KMMjX7AN
2091	Black Panthers	1968	https://www.criterionchannel.com/black-panthers	307	/films/tmUP1tmp/black-panthers	tmUP1tmp
2097	Une histoire d'eau	1958	https://www.criterionchannel.com/une-histoire-d-eau	307	/films/c1Oa1OGs/une-histoire-d-eau	c1Oa1OGs
2141	The Maestro: King of the Cowboy Artists	1994	https://www.criterionchannel.com/the-maestro-king-of-the-cowboy-artists	307	/films/pKWAwlro/the-maestro-king-of-the-cowboy-artists	pKWAwlro
2153	...But Film is My Mistress	2010	https://www.criterionchannel.com/but-film-is-my-mistress	307	/films/gfavoHwh/but-film-is-my-mistress	gfavoHwh
2191	I Graduated, But . . .	1929	https://www.criterionchannel.com/i-graduated-but	307	/films/wygvhAZn/i-graduated-but	wygvhAZn
2197	The Neighbor’s Wife and Mine	1931	https://www.criterionchannel.com/the-neighbor-s-wife-and-mine	307	/films/g019KwTu/the-neighbor-s-wife-and-mine	g019KwTu
2243	I Flunked, But . . .	1930	https://www.criterionchannel.com/i-flunked-but	307	/films/R3FjJYbX/i-flunked-but	R3FjJYbX
2307	Satan’s Brew	1976	https://www.criterionchannel.com/satan-s-brew	307	/films/SSCyZTdw/satan-s-brew	SSCyZTdw
2371	Arrest Bulldog Drummond	1938	https://www.criterionchannel.com/arrest-bulldog-drummond	307	/films/XMeQZJRM/arrest-bulldog-drummond	XMeQZJRM
3091	Fanny and Alexander	1982	https://www.criterionchannel.com/fanny-and-alexander-theatrical-version	404		
2437	Hand in Hand	1989	https://www.criterionchannel.com/hand-in-hand	307	/films/wz6F2l9s/hand-in-hand	wz6F2l9s
2440	Blow Up of "Blow Up"	2016	https://www.criterionchannel.com/blow-up-of-blow-up	307	/films/j85M1CDk/blow-up-of-blow-up	j85M1CDk
2447	The Stickleback’s Egg	1925	https://www.criterionchannel.com/the-stickleback-s-egg	307	/films/PBjMgT7J/the-stickleback-s-egg	PBjMgT7J
2472	L’opéra-Mouffe	1958	https://www.criterionchannel.com/l-opera-mouffe	307	/films/Ko0wsHBD/l-opera-mouffe	Ko0wsHBD
2476	Mirror	1974	https://www.criterionchannel.com/mirror	404		
2488	Crisis	1963	https://www.criterionchannel.com/crisis	307	/films/4GeXROAd/crisis	4GeXROAd
2493	Welcome Mr. Marshall!	1953	https://www.criterionchannel.com/welcome-mr-marshall	307	/films/8HMCQum7/welcome-mr-marshall	8HMCQum7
2497	Uncle Yanco	1967	https://www.criterionchannel.com/uncle-yanco	307	/films/OYUnTC0S/uncle-yanco	OYUnTC0S
2498	Forza Bastia	1978	https://www.criterionchannel.com/forza-bastia	307	/films/M3do0PqK/forza-bastia	M3do0PqK
2500	Gai dimanche	1935	https://www.criterionchannel.com/gai-dimanche	307	/films/SLhEmPt6/gai-dimanche	SLhEmPt6
2645	Les grandes manoeuvres	1955	https://www.criterionchannel.com/les-grandes-manoeuvres	307	/films/kSq6iDzH/les-grandes-man-uvres	kSq6iDzH
2647	He Who Is Without Sin . . .	1952	https://www.criterionchannel.com/he-who-is-without-sin	307	/films/5Gz1lnMz/he-who-is-without-sin	5Gz1lnMz
2648	Une parisienne	1957	https://www.criterionchannel.com/une-parisienne	404		
2681	Le chant du styrène	1959	https://www.criterionchannel.com/le-chant-du-styrene	307	/films/TVQLYbbu/le-chant-du-styrene	TVQLYbbu
2737	Hanzo the Razor: Who’s Got the Gold	1974	https://www.criterionchannel.com/hanzo-the-razor-who-s-got-the-gold	307	/films/GOX9WQph/hanzo-the-razor-who-s-got-the-gold	GOX9WQph
2741	L'argent	1983	https://www.criterionchannel.com/l-argent	307	/films/KDhyHBhD/l-argent	KDhyHBhD
2780	Desire	1937	https://www.criterionchannel.com/desire-1	404		
2793	Les rendez-vous d'Anna	1978	https://www.criterionchannel.com/les-rendez-vous-d-anna	307	/films/0gufpZS1/les-rendez-vous-d-anna	0gufpZS1
2845	Casque d'or	1952	https://www.criterionchannel.com/casque-d-or	307	/films/5wcgZ9iQ/casque-d-or	5wcgZ9iQ
2949	Salesman	1968	https://www.criterionchannel.com/salesman	307	/films/r8LBBqAg/salesman	r8LBBqAg
2966	And the Ship Sails On	1984	https://www.criterionchannel.com/and-the-ship-sails-on	307	/films/y5JIxXnt/and-the-ship-sails-on	y5JIxXnt
2976	The Ascent	1976	https://www.criterionchannel.com/the-ascent	307	/films/uxhUIcBt/the-ascent	uxhUIcBt
3004	Monsieur Hulot's Holiday	1953	https://www.criterionchannel.com/monsieur-hulot-s-holiday	307	/films/5WpdzQcV/monsieur-hulot-s-holiday	5WpdzQcV
3035	Yeah Yeah Yeahs: Hidden in Pieces	2025	https://www.criterionchannel.com/yeah-yeah-yeahs-hidden-in-pieces	307	/films/4QqIxlAw/yeah-yeah-yeahs-hidden-in-pieces	4QqIxlAw
3040	Tommaso	2019	https://www.criterionchannel.com/tommaso	307	/films/5yTCvNhm/tommaso	5yTCvNhm
3043	The Little Sister	2025	https://www.criterionchannel.com/the-little-sister	307	/films/ziAyBzhf/the-little-sister	ziAyBzhf
3045	The Doors	1991	https://www.criterionchannel.com/the-doors	307	/films/oksppZKk/the-doors	oksppZKk
3047	The Beguiled	2017	https://www.criterionchannel.com/the-beguiled-1	404		
3050	Robert Wilson and the Civil Wars	1987	https://www.criterionchannel.com/robert-wilson-and-the-civil-wars	307	/films/WepSklYd/robert-wilson-and-the-civil-wars	WepSklYd
3053	Our Land	2025	https://www.criterionchannel.com/our-land	307	/films/rs6Ug3FX/our-land	rs6Ug3FX
3056	Napoli, Napoli, Napoli	2009	https://www.criterionchannel.com/napoli-napoli-napoli	307	/films/21wzrLct/napoli-napoli-napoli	21wzrLct
3057	Nadja	1994	https://www.criterionchannel.com/nadja	307	/films/7xCZH5br/nadja	7xCZH5br
3064	I Ran from It and Was Still In It	2020	https://www.criterionchannel.com/i-ran-from-it-and-was-still-in-it	307	/films/13ZzlWFW/i-ran-from-it-and-was-still-in-it	13ZzlWFW
3067	Grace of My Heart	1996	https://www.criterionchannel.com/grace-of-my-heart	307	/films/H34ZFMow/grace-of-my-heart	H34ZFMow
3068	Evangelion Death (True)2	1997	https://www.criterionchannel.com/evangelion-death-true-2	307	/films/1FqNgWOD/evangelion-death-true-2	1FqNgWOD
3076	Being Frank: The Chris Sievey Story	2018	https://www.criterionchannel.com/being-frank-the-chris-sievey-story	404		
4765	Streets of Fire	1984	https://www.criterionchannel.com/streets-of-fire	307	/films/zU9qJuin/streets-of-fire	zU9qJuin
4775	Body Snatchers	1993	https://www.criterionchannel.com/body-snatchers	307	/films/fD0cOcKB/body-snatchers	fD0cOcKB
4783	Third Shift	2013	https://www.criterionchannel.com/third-shift	404		
4784	The Last Bread	2013	https://www.criterionchannel.com/the-last-bread	404		
4785	Division Avenue	2014	https://www.criterionchannel.com/division-avenue	404		
4786	Álvaro	2014	https://www.criterionchannel.com/alvaro	404		
4787	300 Nassau	2015	https://www.criterionchannel.com/300-nassau	404		
